Campaign,Ad group,Ad status,Ad type,Final URL,Headline 1,Headline 2,Headline 3,Headline 4,Headline 5,Headline 6,Headline 7,Headline 8,Headline 9,Headline 10,Headline 11,Headline 12,Headline 13,Headline 14,Headline 15,Description 1,Description 2,Description 3,Description 4,Path 1,Path 2,Final URL suffix
S_All-States,Credit Card,Enabled,Responsive search ad,https://start.credolegal.com/credit-cards,Stop Credit Card Harassment,Credit Card Harassment Issues?,CC Debt Collector Harassment?,Fight CC Debt Harassment Now,Get Help Stop Debt Harassment,Fight Card Debt With FDCPA,Shut Down Card Harassment!,Fight Back! End The Abuse.,We Help Fight CC Collectors,We Help Stop Collector Calls,Hit Back at Debt Collectors!,Know Credit Card Debt Rights,"You Have Rights, Use Them!",Demand Your Rights Use the Law,"Demand Justice, Act Today!",Stop illegal credit card harassment. FDCPA attorneys fight for you. Get Free Consult!,Harassing calls end here. We help you silence bully card collectors for good. Act Now!,Abusive card collectors violating your rights? We're your legal warriors. Free Consult!,Sick of card collector bullying? We're your shield & sword. Free & Confidential Consult.,debt-collection,attorney,utm_source=google&utm_medium=cpc&utm_campaign=credo_search
S_All-States,Debt Collector,Enabled,Responsive search ad,https://start.credolegal.com/collection-defense,Sued by a Collection Lawyer?,Sued by a Collection Attorney?,Harassed by Debt Collectors?,Collection Law Firm Suing You?,Debt Collectors at Your Door?,Talk to a Defense Attorney,Real Lawyers on Your Side,We Can Help You Fight Back,Real Attorneys. Real Results.,We Can Help With Debt Lawsuits,We Can Help Stop a Judgment,Request Help Before Court Date,Start Fighting Back Now,Know Your Rights Today,Get a Free Consultation,Facing a collection lawsuit? Our attorneys can help. Get a Free Consultation.,Fight debt collectors & protect your rights. Talk to an attorney. Get a Free Consultation.,Sued by a collection attorney? You still have options. Get a Free Consultation.,We can help dismiss or settle your debt collection lawsuit. Get a Free Consultation.,debt-collection,attorney,utm_source=google&utm_medium=cpc&utm_campaign=credo_search
S_All-States,FDCPA,Enabled,Responsive search ad,https://start.credolegal.com/fcba-and-fdcpa,Know Your FDCPA Rights,Stop Abusive Debt Collectors,FDCPA Protection Explained,Harassed by Collectors?,What Does FDCPA Cover?,Your Debt Collection Rights,FDCPA Rules for Collectors,End Illegal Collection Calls,Understand FDCPA Protections,Fight Back With FDCPA Rights,FDCPA: Stop Harassing Calls,Are Collectors Breaking FDCPA?,Use FDCPA to Protect Yourself,FDCPA Help for Consumers NY,,"Learn how FDCPA limits collector calls, harassment, and deceptive tactics.",Discover what collectors can and cannot do under FDCPA guidelines.,Get a clear explanation of your debt collection rights under FDCPA.,See how to demand validation and respond to abusive collection behaviour.,FDCPA,Debt-Relief,utm_source=google&utm_medium=cpc&utm_campaign=credo_search
S_All-States,Garnishment,Enabled,Responsive search ad,https://start.credolegal.com/stop-wage-garnishment,Fight Wage Garnishment Now,Paycheck Garnished? Call Us,Need a Wage Garnishment Lawyer,Need Debt Collector Attorney?,Need a Debt Lawsuit Lawyer?,Fight For Your Paycheck Today,We Can Help Fight Harassment,Talk to a Real Attorney Now,We Can Fight Wage Garnishment,Proven Lawyers Ready to Help,Get Help Before Court Action,Get Help to Pursue Your Rights,Understand Your Legal Rights,Fight Back Against Garnishment,Get a Free Consultation,Our lawyers help you fight wage garnishment. Know your rights. Get a Free Consultation.,Struggling with a garnished paycheck? Talk to our attorneys. Get a Free Consultation.,We can help you with wage garnishment defense. Get a Free Consultation.,Facing a wage garnishment notice? You still have options. Get a Free Consultation.,garnishment,attorney,utm_source=google&utm_medium=cpc&utm_campaign=credo_search
S_All-States,Lien,Enabled,Responsive search ad,https://start.credolegal.com/remove-property-lien,Need Help with a Lien?,Lien on House or Property?,Remove Judgment Liens Now,Are You Harassed by Creditors?,Lien Lawyer Near You,Fight Creditor Liens Today,Lien Removal Attorney Help,Legal Help for Lien Issues,Take the Fight to Creditors!,Contact Lien Attorney Near You,Get Help to Fight Back Now,Let's Make a Plan Together,Get a Free Consultation,We're Seasoned Lien Lawyers,Get a Lien Attorney,"We help remove creditor liens from homes, paychecks and accounts. Get a Free Consultation.",Property lien stopping your refinance or sale? Talk to a lawyer today. Free Consultation.,Get help removing or negotiating property liens. Free and Confidential Consultation.,You may be able to remove or reduce a lien. Learn your rights today. Free Consultation.,lien,attorney,utm_source=google&utm_medium=cpc&utm_campaign=credo_search
S_All-States,Medical,Enabled,Responsive search ad,https://start.credolegal.com/medical-debt-attorney,Struggling With Medical Bills?,Sued Over Hospital Debt?,Can’t Pay a Medical Bill?,A Medical Bill in Collections?,Need Help With Medical Debt?,We Help With Medical Debt,Legal Help for Hospital Bills,Get a Medical Debt Lawyer,You Deserve Your Health!,We Fight Aggressive Collectors,Talk to an Attorney Today,Get Help Before It Escalates,Get Help to Fight Back Now,Let's Make a Plan Together,Get a Free Consultation,Can’t pay a hospital bill? Talk to a medical debt attorney today. Get a Free Consultation.,Sued for medical bills? You have legal rights. Get a Free Consultation.,Legal help for medical debt collections. Fight harassment. Free Consultation.,We fight medical debt collectors & aim to reduce or remove what you owe. Free Consult.,medical-debt,attorney,utm_source=google&utm_medium=cpc&utm_campaign=credo_search
S_CreditCard_NW,CC_Branded,Enabled,Responsive search ad,https://start.credolegal.com/credit-card-debt-stop-calls,{Keyword:Card Company Won't Stop?},We Send Cease Letter Today,Stop Credit Card Harassment,Calls About Credit Card Debt?,Calls Before 8AM? Illegal.,Threatening You? Violation.,FDCPA Covers Card Collectors,Real Attorneys From Day One,We Stop Card Collector Calls,Attorney Help Starts Today,Calling Your Job? Illegal.,Flexible Payment Plans,Free Confidential Consultation,Talk to an Attorney For Free,Get a Free Case Evaluation,Card debt collector won't stop calling? FDCPA protects you. We act fast. Free consult.,We send a cease letter the day you enroll. Real attorneys. Get Free Consultation.,Thousands have stopped credit card harassment with our help. Get Free Evaluation.,"Calling before 8AM, threatening arrest, contacting family. It's all illegal. Free Consult.",credit-card,debt-stop-calls,utm_source=google&utm_medium=cpc&utm_campaign=credo_search
S_CreditCard_NW,CC_Lawsuit,Enabled,Responsive search ad,https://start.credolegal.com/credit-card-debt-lawsuit-respond,Sued for Credit Card Debt?,You Have Days to Respond,Credit Card Lawsuit? Act Now.,Don't Default. File An Answer.,No Response = You Lose.,Our Attorneys Respond Fast,Real Lawyers From Day One,We File Your Answer Fast,Card Company Has Lawyers,Now You Need an Attorney,Most People Don't Respond,Flexible Payment Plans,Call Now. Free Consultation.,Free Lawsuit Defense Consult,Get a Free Case Evaluation,Sued for credit card debt? Days to respond or you lose by default. Get Free Consult.,Real attorneys file your answer and protect you in court. Get a Free Consultation.,Most sued for credit card debt don't respond and lose. Our attorneys fight back. Call Now.,Credit card companies have legal teams. Now you can too. Flexible plans. Get Free Consult.,credit-card,lawsuit-respond,utm_source=google&utm_medium=cpc&utm_campaign=credo_search
S_CreditCard_NW,CC_Negotiation,Enabled,Responsive search ad,https://start.credolegal.com/credit-card-debt-negotiation,We Can Help You Talk To Them,You Can Pay Less Than You Owe,Card Debt Negotiation Lawyer,Attorney-Led Negotiation,Settle Card Debt for Less,Don't Negotiate Debt Alone,We Talk to Them. Not You.,Lower Your Card Debt Balance,Real Attorneys. Better Terms,Stop Paying More Than Owed,It's Harder To Negotiate Alone,Flexible Payment Plans,Free Negotiation Consultation,Free Debt Review,Get a Free Case Evaluation,Our attorneys negotiate your card debt so you don't have to. Better terms. Free Consult.,Card companies won't negotiate fairly. Our attorneys demand what you deserve. Free Consult,Thousands have settled credit card debt for less with attorney help. Get Free Evaluation.,Negotiate a lump sum and put credit card debt behind you. Real attorneys. Free Consult.,credit-card,debt-negotiate,utm_source=google&utm_medium=cpc&utm_campaign=credo_search
S_Garnishment_NW,Garnishment,Enabled,Responsive search ad,https://start.credolegal.com/wage-garnishment-prevention,Threatened With Garnishment?,We Can Help With Garnishment,Fight Wage Garnishment Now,Don't Wait for Paycheck Cut,We Act Before They Garnish,Protect Your Paycheck Now,Real Attorneys Act Fast,Legal Options Still Open,Don't Let Them Take 25%,Attorney Help Starts Today,Garnishment Is Preventable,Flexible Payment Plans,Call Now. Free Consultation.,Free Garnishment Case Review,Get a Free Case Evaluation,Facing garnishment threats? Still time to act. Our attorneys file fast. Get Free Consult.,Real attorneys work to stop garnishment before it hits your paycheck. Get Free Consult.,Thousands stopped garnishments before they started. Don't wait. Get Free Consultation.,Garnishment can take 25% of your paycheck. We fight to keep your money. Get Free Consult.,garnishment,prevention,utm_source=google&utm_medium=cpc&utm_campaign=credo_search
S_Harassment_NW,Creditor_Harassment,Enabled,Responsive search ad,https://start.credolegal.com/debt-harassment-stop-calls,Collector Won't Stop Calling?,We'll Send Cease Letter Today,Harassed by Debt Collectors?,Calling Your Job? Illegal.,Threatening Arrest? Illegal.,Real Attorneys From Day One,Stop Harassment by Collectors,Calls Before 8AM? Violation.,You Don't Have to Take This,Attorney Help Can Start Today,Debt Collector Calling Family?,We Act Fast. So They'll Stop.,Free Confidential Consultation,Talk to an Attorney For Free,Get a Free Case Evaluation,Collector calling your job or family? They are violating FDCPA. We act fast. Free Consult.,Real attorneys send legal cease letter the day you enroll to stop calls. Consult for Free.,Thousands have stopped collector harassment with our help. Get Free Evaluation today.,Each illegal call may violate federal law. We identify every breach. Get a Free Review.,debt-harassment,stop-calls,utm_source=google&utm_medium=cpc&utm_campaign=credo_search
S_Harassment_NW,FDCPA_Harassment,Enabled,Responsive search ad,https://start.credolegal.com/debt-harassment-fdcpa-rights,Know Your FDCPA Rights,Know What Collectors Can't Do?,FDCPA Protects You By Law,Collectors Have Legal Limits,No Calls 8AM to 9PM!,They Can't Contact Your Boss!,They Can't Threaten Arrest!,FDCPA Violation? Free Review.,Understand Your Legal Rights,Real Attorneys Explain. Free.,Are They Breaking the Law?,FDCPA Attorney for Your Case,Free FDCPA Rights Evaluation,Free Confidential Consultation,Learn Your Rights at No Cost,The FDCPA limits how collectors contact you. Learn your rights with real attorneys.,"Calling before 8AM, threatening jail, contacting family - all illegal. Get Hep for Free.",Thousands used FDCPA to stop harassment. Our attorneys help you understand. Free Consult.,Not sure if a collector broke the law? Our attorneys review your case For Free.,debt-harassment,fdcpa-rights,utm_source=google&utm_medium=cpc&utm_campaign=credo_search
S_Lawsuit_NW,Collection_Lawsuit,Enabled,Responsive search ad,https://start.credolegal.com/debt-lawsuit-respond-on-time,Sued by a Collector? Act Now,You Have 20-28 Days to Act,Collection Lawsuit? Respond.,Don't Default. File Response.,Most People Don't Respond.,They Win If You Ignore It!,Our Attorneys Respond Fast,Real Lawyers From Day One,Not Too Late to Fight Back,We File Your Answer Fast!,Debt Lawsuit Defense Lawyer,Flexible Payment Plans,Call Now. Free Consultation.,Free Debt Lawsuit Defense,Get a Free Case Evaluation,Sued by a collector? 20-28 days to respond or you lose by default. We act fast.,Real attorneys file your answer from day one. Not salespeople. Free Consultation.,Most folk sued by collectors don't respond and lose automatically. Don't let that happen.,Collectors count on you not fighting. Our attorneys respond fast. Get Free Consultation.,debt-lawsuit,respond-on-time,utm_source=google&utm_medium=cpc&utm_campaign=credo_search
S_Lawsuit_NW,Creditor_Suing,Enabled,Responsive search ad,https://start.credolegal.com/debt-lawsuit-fight-back,Creditor Suing You?,Don't Let Them Win,Fight Back Against Creditors,They Count on You Giving Up,Default Judgment = They Win,Respond Before It's Too Late,Our Attorneys Fight for You,Real Lawyers From Day One,You Have Legal Options,We File Your Answer Fast,Don't Lose by Not Showing Up,Flexible Payment Plans,Call Now. Free Consultation.,Get a Free Case Evaluation,Fight Back Today. Free Review.,Creditor suing? They count on you not responding. We file a response on time. Free Cosnult,Real attorneys fight creditor lawsuits from day one. We know their playbook. Free Consult.,Folks don't respond to creditor lawsuits and lose by default. Don't be one such. Act Now.,"We challenge the debt, file your response, and protect your rights. Get Free Consult.",debt-lawsuit,fight-back,utm_source=google&utm_medium=cpc&utm_campaign=credo_search
S_Lawsuit_NW,Served_Papers,Enabled,Responsive search ad,https://start.credolegal.com/debt-lawsuit-summons-respond,Just Got Served? Act Now.,You Have Days to Respond,Received a Debt Summons?,Don't Ignore Court Papers,No Response = You Lose!,We File Your Answer Fast,Got Papers? Call Today.,Real Attorneys Respond Fast,20-28 Days Is All You Have,Don't Default on a Lawsuit,Attorney Help Starts Today,Flexible Payment Plans,Call Now - Time Is Limited,Free Emergency Consultation,Get a Free Case Evaluation,Just got served? You have 20-28 days to respond or lose by default. Call Now.,"Our attorneys file your answer fast. Real lawyers, not salespeople. Day one. Free Consult.",Ignoring court papers leads to automatic judgment. Don't wait. Get Free Consult.,"We read your papers, explain options, and file a response. Flexible plans. Free Consult.",debt-lawsuit,summons-respond,utm_source=google&utm_medium=cpc&utm_campaign=credo_search
S_MedicalDebt_NW,Medical_Lawsuit,Enabled,Responsive search ad,https://start.credolegal.com/medical-debt-lawsuit-respond,Sued Over Medical Bills?,You Have Days to Respond,Medical Debt Lawsuit? Act Now.,Don't Default. File an Answer.,No Response = You Lose,Our Attorneys Respond Fast,Real Lawyers From Day One,We File Your Answer Fast,Most People Don't Respond,Attorney Help Starts Today,Don't Lose by Ignoring It,Flexible Payment Plans,Call Now. Free Consultation.,Free Lawsuit Defense Consult,Get a Free Case Evaluation,Sued over medical bills? Days to respond or you lose by default. We act fast. Free Consult,Real attorneys file your answer from day one. Not salespeople. Get Free Consultation.,Most folk sued for medical debt don't respond and lose. Don't let that happen. Call Now.,Medical debt lawsuits can often be challenged. We review and fight back. Get Free Consult.,medical-debt,lawsuit-respond,utm_source=google&utm_medium=cpc&utm_campaign=credo_search
S_MedicalDebt_NW,Medical_Rights,Enabled,Responsive search ad,https://start.credolegal.com/medical-debt-fdcpa-rights,Medical Debt? Know Your Rights,Know what Collectors Can't Do?,FDCPA Covers Medical Debt,Medical Collectors Have Limits,No Calls Before 8AM or 9PM,They Can't Contact Your Boss,They Can't Threaten Arrest,Real Attorneys Explain Free,Your Rights Are Protected,Understand the FDCPA For Free,Are They Breaking the Law?,We Review Your Case Free,Free Rights Consultation,Free Confidential Evaluation,Learn Your Rights At No Cost,The FDCPA limits how medical debt collectors contact you. Learn your rights For Free.,"Calling before 8AM, threatening jail, contacting family. It's all illegal. Free Consult.",Many don't know medical debt has special protections. We explain options. Free Consult.,Not sure if a medical collector broke the law? Get a Free Review by an Attorney.,medical-debt,fdcpa-rights,utm_source=google&utm_medium=cpc&utm_campaign=credo_search
S_PaydayLoan_NW,Payday_Brand_Harassment,Enabled,Responsive search ad,https://start.credolegal.com/payday-loan-debt-harassment,{Keyword:Payday Lender Harassing You?},We Send Cease Letter Today,Lender Won't Stop Calling?,Calls Before 8AM? Illegal.,Threatening Arrest? Illegal.,Calling Your Job? Violation.,We Stop Payday Harassment,Real Attorneys. We Act Fast.,FDCPA Covers Payday Lenders,Payday Collectors Have Limits,Attorney Help Starts Today,Flexible Payment Plans,Free Confidential Consultation,Talk to an Attorney For Free,Get a Free Case Evaluation,"Payday lender calling your job or before 8AM? Those are violations. Get Help, Free Consult",We send a cease letter the day you enroll. Real attorneys. Get Free Consultation.,Thousands have stopped payday lender harassment with our help. Get Free Evaluation.,FDCPA protects you from payday lender abuse. Our attorneys will act. Get Free Review.,payday-loan,harassment,utm_source=google&utm_medium=cpc&utm_campaign=credo_search
S_PaydayLoan_NW,S_PaydayLoan_General,Enabled,Responsive search ad,https://start.credolegal.com/payday-loan-lawsuit-respond,Payday Lender Suing You?,You Have Days to Respond,Don't Default on This Suit,No Response = They Win,Our Attorneys Respond Fast,Real Lawyers From Day One,Fight Payday Loan Lawsuits,We File Your Answer Fast,Don't Lose by Ignoring It,Attorney Help Starts Today,Most People Don't Respond,Flexible Payment Plans,Call Now. Free Consultation.,Free Lawsuit Defense Consult,Get a Free Case Evaluation,Sued by a payday lender? Days to respond or lose by default. We act fast. Free Consult.,Real attorneys file your answer from day one. Not salespeople. Get Free Consultation.,Most sued by payday lenders don't respond and lose. Don't be one of them. Free Call.,Payday loan lawsuits can often be challenged. We know their tactics. Get a Free Review.,payday-loan,lawsuit-respond,utm_source=google&utm_medium=cpc&utm_campaign=credo_search
